filter,strategy,workers,num_images,min_ms,mean_ms,median_ms
blur3x3,Sequential,1,15,1668.8791,1675.1798,1675.1798
blur3x3,Sequential,4,15,1353.8165,1358.3919,1358.3919
blur3x3,Sequential,8,15,1359.5064,1374.6767,1374.6767
blur3x3,Sequential,16,15,1373.0709,1393.6718,1393.6718
blur3x3,Pixelwise,1,15,1342.5493,1347.7349,1347.7349
blur3x3,Pixelwise,4,15,1321.6086,1340.0799,1340.0799
blur3x3,Pixelwise,8,15,1352.7580,1357.1795,1357.1795
blur3x3,Pixelwise,16,15,1339.9834,1357.0132,1357.0132
blur3x3,By Rows,1,15,1343.8982,1354.4788,1354.4788
blur3x3,By Rows,4,15,1345.0404,1351.6308,1351.6308
blur3x3,By Rows,8,15,1337.0186,1340.4674,1340.4674
blur3x3,By Rows,16,15,1327.8731,1332.5478,1332.5478
blur3x3,By Cols,1,15,1331.8727,1356.1651,1356.1651
blur3x3,By Cols,4,15,1333.2750,1354.4029,1354.4029
blur3x3,By Cols,8,15,1354.9423,1357.0655,1357.0655
blur3x3,By Cols,16,15,1328.4224,1351.8067,1351.8067
blur3x3,Blocks 32x32,1,15,1343.5452,1347.2764,1347.2764
blur3x3,Blocks 32x32,4,15,1330.0330,1330.4350,1330.4350
blur3x3,Blocks 32x32,8,15,1334.8276,1336.8476,1336.8476
blur3x3,Blocks 32x32,16,15,1333.8851,1335.8259,1335.8259
blur3x3,Blocks 64x64,1,15,1333.2847,1337.2419,1337.2419
blur3x3,Blocks 64x64,4,15,1343.5281,1348.4076,1348.4076
blur3x3,Blocks 64x64,8,15,1325.4619,1334.8422,1334.8422
blur3x3,Blocks 64x64,16,15,1303.7182,1328.6321,1328.6321
blur3x3,Blocks 128x128,1,15,1317.1162,1329.1975,1329.1975
blur3x3,Blocks 128x128,4,15,1326.8451,1327.6940,1327.6940
blur3x3,Blocks 128x128,8,15,1311.8427,1317.9394,1317.9394
blur3x3,Blocks 128x128,16,15,1325.7848,1330.0526,1330.0526
blur5x5,Sequential,1,15,3383.8093,3390.0694,3390.0694
blur5x5,Sequential,4,15,1755.4329,1760.3814,1760.3814
blur5x5,Sequential,8,15,1720.8068,1721.9307,1721.9307
blur5x5,Sequential,16,15,1699.3452,1711.7028,1711.7028
blur5x5,Pixelwise,1,15,1451.6179,1456.2654,1456.2654
blur5x5,Pixelwise,4,15,1497.5218,1500.7936,1500.7936
blur5x5,Pixelwise,8,15,1474.6172,1490.2212,1490.2212
blur5x5,Pixelwise,16,15,1488.5681,1494.3153,1494.3153
blur5x5,By Rows,1,15,1472.2214,1472.4568,1472.4568
blur5x5,By Rows,4,15,1447.0772,1469.8831,1469.8831
blur5x5,By Rows,8,15,1468.2084,1477.2569,1477.2569
blur5x5,By Rows,16,15,1499.6399,1511.6282,1511.6282
blur5x5,By Cols,1,15,1473.8642,1480.4110,1480.4110
blur5x5,By Cols,4,15,1468.3510,1478.9684,1478.9684
blur5x5,By Cols,8,15,1486.1130,1499.5542,1499.5542
blur5x5,By Cols,16,15,1468.0391,1480.0270,1480.0270
blur5x5,Blocks 32x32,1,15,1458.8236,1470.2559,1470.2559
blur5x5,Blocks 32x32,4,15,1483.4002,1491.8930,1491.8930
blur5x5,Blocks 32x32,8,15,1495.6371,1529.0862,1529.0862
blur5x5,Blocks 32x32,16,15,1454.7148,1465.3601,1465.3601
blur5x5,Blocks 64x64,1,15,1502.0274,1502.7654,1502.7654
blur5x5,Blocks 64x64,4,15,1475.6057,1487.0402,1487.0402
blur5x5,Blocks 64x64,8,15,1455.0363,1474.7438,1474.7438
blur5x5,Blocks 64x64,16,15,1468.3667,1480.3583,1480.3583
blur5x5,Blocks 128x128,1,15,1458.8544,1465.0541,1465.0541
blur5x5,Blocks 128x128,4,15,1469.9970,1532.4327,1532.4327
blur5x5,Blocks 128x128,8,15,1489.2768,1492.8850,1492.8850
blur5x5,Blocks 128x128,16,15,1468.0549,1481.2072,1481.2072
gaussian3x3,Sequential,1,15,1656.8152,1662.5953,1662.5953
gaussian3x3,Sequential,4,15,1378.0365,1383.0382,1383.0382
gaussian3x3,Sequential,8,15,1356.4874,1384.9525,1384.9525
gaussian3x3,Sequential,16,15,1336.2638,1345.5274,1345.5274
gaussian3x3,Pixelwise,1,15,1337.0624,1366.4854,1366.4854
gaussian3x3,Pixelwise,4,15,1336.6963,1336.7793,1336.7793
gaussian3x3,Pixelwise,8,15,1323.6017,1325.2769,1325.2769
gaussian3x3,Pixelwise,16,15,1330.8831,1338.4879,1338.4879
gaussian3x3,By Rows,1,15,1317.4061,1322.0873,1322.0873
gaussian3x3,By Rows,4,15,1315.6082,1331.3374,1331.3374
gaussian3x3,By Rows,8,15,1307.2334,1318.0860,1318.0860
gaussian3x3,By Rows,16,15,1309.9857,1316.0583,1316.0583
gaussian3x3,By Cols,1,15,1319.7622,1325.6683,1325.6683
gaussian3x3,By Cols,4,15,1309.9567,1316.3833,1316.3833
gaussian3x3,By Cols,8,15,1313.5450,1319.5489,1319.5489
gaussian3x3,By Cols,16,15,1317.6329,1317.8008,1317.8008
gaussian3x3,Blocks 32x32,1,15,1311.0063,1318.5055,1318.5055
gaussian3x3,Blocks 32x32,4,15,1316.6111,1321.4995,1321.4995
gaussian3x3,Blocks 32x32,8,15,1318.1316,1320.5773,1320.5773
gaussian3x3,Blocks 32x32,16,15,1325.4627,1329.7622,1329.7622
gaussian3x3,Blocks 64x64,1,15,1310.1039,1312.5901,1312.5901
gaussian3x3,Blocks 64x64,4,15,1319.7874,1321.5092,1321.5092
gaussian3x3,Blocks 64x64,8,15,1324.9361,1325.9964,1325.9964
gaussian3x3,Blocks 64x64,16,15,1296.9055,1302.9616,1302.9616
gaussian3x3,Blocks 128x128,1,15,1322.0372,1332.7849,1332.7849
gaussian3x3,Blocks 128x128,4,15,1302.8568,1305.7503,1305.7503
gaussian3x3,Blocks 128x128,8,15,1333.0038,1339.3826,1339.3826
gaussian3x3,Blocks 128x128,16,15,1313.2564,1319.6113,1319.6113
gaussian5x5,Sequential,1,15,3375.9509,3381.1062,3381.1062
gaussian5x5,Sequential,4,15,1768.0286,1773.8167,1773.8167
gaussian5x5,Sequential,8,15,1733.8453,1781.5910,1781.5910
gaussian5x5,Sequential,16,15,1713.5580,1720.0637,1720.0637
gaussian5x5,Pixelwise,1,15,1490.2961,1492.9630,1492.9630
gaussian5x5,Pixelwise,4,15,1482.1718,1486.5980,1486.5980
gaussian5x5,Pixelwise,8,15,1483.9023,1493.1973,1493.1973
gaussian5x5,Pixelwise,16,15,1454.4184,1482.1370,1482.1370
gaussian5x5,By Rows,1,15,1456.0558,1464.0936,1464.0936
gaussian5x5,By Rows,4,15,1462.8604,1476.7378,1476.7378
gaussian5x5,By Rows,8,15,1485.4637,1523.3231,1523.3231
gaussian5x5,By Rows,16,15,1457.2281,1469.6122,1469.6122
gaussian5x5,By Cols,1,15,1446.4233,1455.4343,1455.4343
gaussian5x5,By Cols,4,15,1461.2518,1489.6680,1489.6680
gaussian5x5,By Cols,8,15,1502.2850,1505.4801,1505.4801
gaussian5x5,By Cols,16,15,1455.7579,1471.3756,1471.3756
gaussian5x5,Blocks 32x32,1,15,1473.7329,1479.0326,1479.0326
gaussian5x5,Blocks 32x32,4,15,1471.1497,1493.2076,1493.2076
gaussian5x5,Blocks 32x32,8,15,1451.1029,1459.6433,1459.6433
gaussian5x5,Blocks 32x32,16,15,1483.8219,1497.6399,1497.6399
gaussian5x5,Blocks 64x64,1,15,1465.0530,1467.9227,1467.9227
gaussian5x5,Blocks 64x64,4,15,1464.3281,1482.6224,1482.6224
gaussian5x5,Blocks 64x64,8,15,1474.4731,1477.4368,1477.4368
gaussian5x5,Blocks 64x64,16,15,1494.3513,1518.6047,1518.6047
gaussian5x5,Blocks 128x128,1,15,1477.0745,1480.1232,1480.1232
gaussian5x5,Blocks 128x128,4,15,1452.6211,1470.7310,1470.7310
gaussian5x5,Blocks 128x128,8,15,1458.9690,1469.6314,1469.6314
gaussian5x5,Blocks 128x128,16,15,1449.3234,1464.3837,1464.3837
motionblur,Sequential,1,15,9547.5019,9565.3791,9565.3791
motionblur,Sequential,4,15,3605.3032,3644.0988,3644.0988
motionblur,Sequential,8,15,3370.6085,3422.4820,3422.4820
motionblur,Sequential,16,15,3335.0093,3336.8228,3336.8228
motionblur,Pixelwise,1,15,2108.0930,2125.3762,2125.3762
motionblur,Pixelwise,4,15,2251.6866,2277.5056,2277.5056
motionblur,Pixelwise,8,15,2215.3605,2266.7455,2266.7455
motionblur,Pixelwise,16,15,2165.4524,2185.8811,2185.8811
motionblur,By Rows,1,15,2151.2689,2154.9061,2154.9061
motionblur,By Rows,4,15,2239.1848,2300.9712,2300.9712
motionblur,By Rows,8,15,2292.7234,2293.9945,2293.9945
motionblur,By Rows,16,15,2156.6689,2198.4882,2198.4882
motionblur,By Cols,1,15,2144.0502,2162.0022,2162.0022
motionblur,By Cols,4,15,2170.9929,2248.6520,2248.6520
motionblur,By Cols,8,15,2249.9630,2262.0498,2262.0498
motionblur,By Cols,16,15,2205.2424,2226.0102,2226.0102
motionblur,Blocks 32x32,1,15,2075.4208,2102.2120,2102.2120
motionblur,Blocks 32x32,4,15,2245.9660,2249.8400,2249.8400
motionblur,Blocks 32x32,8,15,2157.0291,2231.6625,2231.6625
motionblur,Blocks 32x32,16,15,2168.1359,2194.6080,2194.6080
motionblur,Blocks 64x64,1,15,2143.8417,2152.2607,2152.2607
motionblur,Blocks 64x64,4,15,2256.7585,2296.0524,2296.0524
motionblur,Blocks 64x64,8,15,2250.9243,2257.6507,2257.6507
motionblur,Blocks 64x64,16,15,2316.3063,2316.5779,2316.5779
motionblur,Blocks 128x128,1,15,2141.0712,2150.6036,2150.6036
motionblur,Blocks 128x128,4,15,2176.0453,2200.8698,2200.8698
motionblur,Blocks 128x128,8,15,2299.8056,2302.1238,2302.1238
motionblur,Blocks 128x128,16,15,2295.5233,2311.5250,2311.5250
findedges1,Sequential,1,15,3318.7014,3319.0688,3319.0688
findedges1,Sequential,4,15,1707.7941,1719.4739,1719.4739
findedges1,Sequential,8,15,1647.7062,1677.3071,1677.3071
findedges1,Sequential,16,15,1652.5649,1665.9733,1665.9733
findedges1,Pixelwise,1,15,1318.4051,1319.8930,1319.8930
findedges1,Pixelwise,4,15,1307.1749,1365.5295,1365.5295
findedges1,Pixelwise,8,15,1340.2761,1342.3333,1342.3333
findedges1,Pixelwise,16,15,1319.4897,1327.6624,1327.6624
findedges1,By Rows,1,15,1341.7631,1349.3154,1349.3154
findedges1,By Rows,4,15,1330.7154,1344.1037,1344.1037
findedges1,By Rows,8,15,1326.5079,1333.2644,1333.2644
findedges1,By Rows,16,15,1316.8096,1341.6402,1341.6402
findedges1,By Cols,1,15,1316.4507,1326.1999,1326.1999
findedges1,By Cols,4,15,1346.9524,1357.1111,1357.1111
findedges1,By Cols,8,15,1319.4124,1332.0101,1332.0101
findedges1,By Cols,16,15,1329.7846,1351.3344,1351.3344
findedges1,Blocks 32x32,1,15,1308.8665,1321.1250,1321.1250
findedges1,Blocks 32x32,4,15,1333.8886,1345.7692,1345.7692
findedges1,Blocks 32x32,8,15,1314.6378,1321.0992,1321.0992
findedges1,Blocks 32x32,16,15,1343.2045,1348.7044,1348.7044
findedges1,Blocks 64x64,1,15,1319.0665,1322.4448,1322.4448
findedges1,Blocks 64x64,4,15,1324.9741,1331.6712,1331.6712
findedges1,Blocks 64x64,8,15,1320.9680,1331.4595,1331.4595
findedges1,Blocks 64x64,16,15,1341.6288,1344.2266,1344.2266
findedges1,Blocks 128x128,1,15,1312.0380,1317.4937,1317.4937
findedges1,Blocks 128x128,4,15,1335.8602,1342.9669,1342.9669
findedges1,Blocks 128x128,8,15,1298.9419,1330.9836,1330.9836
findedges1,Blocks 128x128,16,15,1342.0666,1345.4150,1345.4150
findedges2,Sequential,1,15,3337.8569,3347.0771,3347.0771
findedges2,Sequential,4,15,1728.6468,1735.9730,1735.9730
findedges2,Sequential,8,15,1688.1221,1706.9233,1706.9233
findedges2,Sequential,16,15,1713.6437,1730.5549,1730.5549
findedges2,Pixelwise,1,15,1391.2556,1405.7839,1405.7839
findedges2,Pixelwise,4,15,1417.2516,1451.6972,1451.6972
findedges2,Pixelwise,8,15,1422.8014,1427.3782,1427.3782
findedges2,Pixelwise,16,15,1397.7436,1419.6213,1419.6213
findedges2,By Rows,1,15,1410.2966,1416.2188,1416.2188
findedges2,By Rows,4,15,1428.0437,1430.8062,1430.8062
findedges2,By Rows,8,15,1479.9170,1495.9166,1495.9166
findedges2,By Rows,16,15,1406.5754,1432.5973,1432.5973
findedges2,By Cols,1,15,1444.3963,1456.2960,1456.2960
findedges2,By Cols,4,15,1406.5065,1411.1977,1411.1977
findedges2,By Cols,8,15,1414.8679,1431.1426,1431.1426
findedges2,By Cols,16,15,1433.3190,1447.2505,1447.2505
findedges2,Blocks 32x32,1,15,1427.0013,1443.1762,1443.1762
findedges2,Blocks 32x32,4,15,1383.7184,1433.9490,1433.9490
findedges2,Blocks 32x32,8,15,1432.2573,1448.5799,1448.5799
findedges2,Blocks 32x32,16,15,1411.8824,1424.3913,1424.3913
findedges2,Blocks 64x64,1,15,1416.7981,1425.5554,1425.5554
findedges2,Blocks 64x64,4,15,1480.1225,1488.5564,1488.5564
findedges2,Blocks 64x64,8,15,1467.1101,1468.1339,1468.1339
findedges2,Blocks 64x64,16,15,1417.2271,1428.7306,1428.7306
findedges2,Blocks 128x128,1,15,1405.6441,1424.6667,1424.6667
findedges2,Blocks 128x128,4,15,1395.1857,1410.0864,1410.0864
findedges2,Blocks 128x128,8,15,1398.0628,1415.4909,1415.4909
findedges2,Blocks 128x128,16,15,1356.9928,1384.1688,1384.1688
findedges3,Sequential,1,15,3392.6880,3393.0520,3393.0520
findedges3,Sequential,4,15,1842.0666,1843.2434,1843.2434
findedges3,Sequential,8,15,1784.4568,1785.3655,1785.3655
findedges3,Sequential,16,15,1780.4656,1786.5152,1786.5152
findedges3,Pixelwise,1,15,1570.3134,1583.7681,1583.7681
findedges3,Pixelwise,4,15,1590.5606,1597.9891,1597.9891
findedges3,Pixelwise,8,15,1598.2650,1600.8253,1600.8253
findedges3,Pixelwise,16,15,1571.5077,1580.3744,1580.3744
findedges3,By Rows,1,15,1570.2947,1583.1347,1583.1347
findedges3,By Rows,4,15,1571.4331,1607.7699,1607.7699
findedges3,By Rows,8,15,1615.9798,1623.4826,1623.4826
findedges3,By Rows,16,15,1578.4144,1603.6135,1603.6135
findedges3,By Cols,1,15,1563.6514,1564.1298,1564.1298
findedges3,By Cols,4,15,1581.5556,1584.1646,1584.1646
findedges3,By Cols,8,15,1598.4065,1604.0148,1604.0148
findedges3,By Cols,16,15,1600.4251,1606.9264,1606.9264
findedges3,Blocks 32x32,1,15,1572.4325,1576.2521,1576.2521
findedges3,Blocks 32x32,4,15,1586.4557,1595.4970,1595.4970
findedges3,Blocks 32x32,8,15,1598.2892,1598.7288,1598.7288
findedges3,Blocks 32x32,16,15,1574.3343,1575.1096,1575.1096
findedges3,Blocks 64x64,1,15,1554.7592,1563.9588,1563.9588
findedges3,Blocks 64x64,4,15,1581.1627,1586.8948,1586.8948
findedges3,Blocks 64x64,8,15,1542.8039,1561.9823,1561.9823
findedges3,Blocks 64x64,16,15,1559.1043,1568.0517,1568.0517
findedges3,Blocks 128x128,1,15,1562.4090,1565.5872,1565.5872
findedges3,Blocks 128x128,4,15,1588.6722,1593.5951,1593.5951
findedges3,Blocks 128x128,8,15,1587.5657,1589.6116,1589.6116
findedges3,Blocks 128x128,16,15,1573.7794,1584.8071,1584.8071
findedges4,Sequential,1,15,1708.9879,1712.1258,1712.1258
findedges4,Sequential,4,15,1439.6723,1447.6786,1447.6786
findedges4,Sequential,8,15,1418.6806,1427.2495,1427.2495
findedges4,Sequential,16,15,1423.8902,1436.5333,1436.5333
findedges4,Pixelwise,1,15,1390.1246,1402.7289,1402.7289
findedges4,Pixelwise,4,15,1419.6442,1422.3596,1422.3596
findedges4,Pixelwise,8,15,1391.0286,1393.4784,1393.4784
findedges4,Pixelwise,16,15,1409.3560,1410.1141,1410.1141
findedges4,By Rows,1,15,1384.3183,1399.1440,1399.1440
findedges4,By Rows,4,15,1385.5142,1400.6217,1400.6217
findedges4,By Rows,8,15,1391.1953,1391.7098,1391.7098
findedges4,By Rows,16,15,1392.6695,1398.0413,1398.0413
findedges4,By Cols,1,15,1402.5385,1405.8986,1405.8986
findedges4,By Cols,4,15,1377.8629,1390.5982,1390.5982
findedges4,By Cols,8,15,1399.1977,1532.2279,1532.2279
findedges4,By Cols,16,15,1392.4048,1396.0688,1396.0688
findedges4,Blocks 32x32,1,15,1385.5509,1397.1469,1397.1469
findedges4,Blocks 32x32,4,15,1379.1928,1392.5687,1392.5687
findedges4,Blocks 32x32,8,15,1390.5868,1392.5616,1392.5616
findedges4,Blocks 32x32,16,15,1380.0078,1384.0955,1384.0955
findedges4,Blocks 64x64,1,15,1385.8801,1390.5414,1390.5414
findedges4,Blocks 64x64,4,15,1411.9404,1427.7494,1427.7494
findedges4,Blocks 64x64,8,15,1382.7505,1405.6947,1405.6947
findedges4,Blocks 64x64,16,15,1411.2853,1424.2545,1424.2545
findedges4,Blocks 128x128,1,15,1444.3704,1446.8656,1446.8656
findedges4,Blocks 128x128,4,15,1380.5338,1393.9307,1393.9307
findedges4,Blocks 128x128,8,15,1387.0365,1399.1097,1399.1097
findedges4,Blocks 128x128,16,15,1395.4346,1396.8056,1396.8056
sharpen1,Sequential,1,15,1776.3685,1781.1733,1781.1733
sharpen1,Sequential,4,15,1485.0022,1504.8799,1504.8799
sharpen1,Sequential,8,15,1494.3812,1506.8371,1506.8371
sharpen1,Sequential,16,15,1520.5018,1523.9270,1523.9270
sharpen1,Pixelwise,1,15,1484.3325,1489.9185,1489.9185
sharpen1,Pixelwise,4,15,1473.7034,1476.5984,1476.5984
sharpen1,Pixelwise,8,15,1467.8353,1477.1880,1477.1880
sharpen1,Pixelwise,16,15,1469.9313,1470.4419,1470.4419
sharpen1,By Rows,1,15,1460.6203,1467.1194,1467.1194
sharpen1,By Rows,4,15,1479.2485,1486.8389,1486.8389
sharpen1,By Rows,8,15,1453.5238,1455.3217,1455.3217
sharpen1,By Rows,16,15,1468.7493,1472.7099,1472.7099
sharpen1,By Cols,1,15,1467.3975,1478.8767,1478.8767
sharpen1,By Cols,4,15,1467.4149,1528.8701,1528.8701
sharpen1,By Cols,8,15,1460.4079,1462.5924,1462.5924
sharpen1,By Cols,16,15,1450.8917,1457.5909,1457.5909
sharpen1,Blocks 32x32,1,15,1471.4238,1475.7210,1475.7210
sharpen1,Blocks 32x32,4,15,1455.8609,1456.0811,1456.0811
sharpen1,Blocks 32x32,8,15,1444.7455,1449.0663,1449.0663
sharpen1,Blocks 32x32,16,15,1455.4330,1466.5782,1466.5782
sharpen1,Blocks 64x64,1,15,1490.7771,1499.9763,1499.9763
sharpen1,Blocks 64x64,4,15,1456.9912,1464.8364,1464.8364
sharpen1,Blocks 64x64,8,15,1479.0719,1490.8897,1490.8897
sharpen1,Blocks 64x64,16,15,1467.6028,1471.9446,1471.9446
sharpen1,Blocks 128x128,1,15,1471.7591,1476.4592,1476.4592
sharpen1,Blocks 128x128,4,15,1446.0825,1460.0025,1460.0025
sharpen1,Blocks 128x128,8,15,1453.2115,1460.6343,1460.6343
sharpen1,Blocks 128x128,16,15,1451.9307,1496.6723,1496.6723
sharpen2,Sequential,1,15,3412.1476,3415.5737,3415.5737
sharpen2,Sequential,4,15,1819.6118,1824.7398,1824.7398
sharpen2,Sequential,8,15,1806.1348,1827.1895,1827.1895
sharpen2,Sequential,16,15,1821.0741,1824.7066,1824.7066
sharpen2,Pixelwise,1,15,1638.0949,1640.0564,1640.0564
sharpen2,Pixelwise,4,15,1651.7815,1658.5124,1658.5124
sharpen2,Pixelwise,8,15,1650.0349,1654.9014,1654.9014
sharpen2,Pixelwise,16,15,1661.3912,1666.0633,1666.0633
sharpen2,By Rows,1,15,1641.1745,1646.6029,1646.6029
sharpen2,By Rows,4,15,1646.0099,1665.4495,1665.4495
sharpen2,By Rows,8,15,1648.8589,1653.9950,1653.9950
sharpen2,By Rows,16,15,1636.4539,1641.6339,1641.6339
sharpen2,By Cols,1,15,1628.6202,1633.4582,1633.4582
sharpen2,By Cols,4,15,1659.9477,1665.4495,1665.4495
sharpen2,By Cols,8,15,1626.9733,1656.7352,1656.7352
sharpen2,By Cols,16,15,1658.4877,1662.8109,1662.8109
sharpen2,Blocks 32x32,1,15,1649.0592,1649.3273,1649.3273
sharpen2,Blocks 32x32,4,15,1709.0168,1723.3868,1723.3868
sharpen2,Blocks 32x32,8,15,1637.5547,1653.7092,1653.7092
sharpen2,Blocks 32x32,16,15,1666.4481,1671.8726,1671.8726
sharpen2,Blocks 64x64,1,15,1637.9164,1642.5296,1642.5296
sharpen2,Blocks 64x64,4,15,1652.3864,1657.1368,1657.1368
sharpen2,Blocks 64x64,8,15,1675.4684,1679.3126,1679.3126
sharpen2,Blocks 64x64,16,15,1651.2652,1665.9224,1665.9224
sharpen2,Blocks 128x128,1,15,1651.6543,1678.7073,1678.7073
sharpen2,Blocks 128x128,4,15,1642.3505,1645.3812,1645.3812
sharpen2,Blocks 128x128,8,15,1652.1681,1660.2897,1660.2897
sharpen2,Blocks 128x128,16,15,1666.6519,1668.8165,1668.8165
sharpen3,Sequential,1,15,1726.8641,1729.3511,1729.3511
sharpen3,Sequential,4,15,1435.5716,1454.9033,1454.9033
sharpen3,Sequential,8,15,1419.7557,1429.1063,1429.1063
sharpen3,Sequential,16,15,1432.9204,1441.2670,1441.2670
sharpen3,Pixelwise,1,15,1402.2457,1405.9745,1405.9745
sharpen3,Pixelwise,4,15,1379.3064,1396.7885,1396.7885
sharpen3,Pixelwise,8,15,1417.0073,1418.5528,1418.5528
sharpen3,Pixelwise,16,15,1380.1508,1392.1309,1392.1309
sharpen3,By Rows,1,15,1395.4141,1400.4379,1400.4379
sharpen3,By Rows,4,15,1402.6297,1407.2402,1407.2402
sharpen3,By Rows,8,15,1372.7479,1394.0079,1394.0079
sharpen3,By Rows,16,15,1391.1454,1393.7551,1393.7551
sharpen3,By Cols,1,15,1398.3732,1410.9188,1410.9188
sharpen3,By Cols,4,15,1395.7884,1402.3665,1402.3665
sharpen3,By Cols,8,15,1390.6938,1399.2654,1399.2654
sharpen3,By Cols,16,15,1408.4648,1409.7458,1409.7458
sharpen3,Blocks 32x32,1,15,1402.2881,1403.8485,1403.8485
sharpen3,Blocks 32x32,4,15,1388.6835,1393.6830,1393.6830
sharpen3,Blocks 32x32,8,15,1381.8877,1397.9642,1397.9642
sharpen3,Blocks 32x32,16,15,1375.1059,1375.4840,1375.4840
sharpen3,Blocks 64x64,1,15,1386.3768,1389.2052,1389.2052
sharpen3,Blocks 64x64,4,15,1376.5584,1390.5331,1390.5331
sharpen3,Blocks 64x64,8,15,1376.1807,1389.2410,1389.2410
sharpen3,Blocks 64x64,16,15,1388.0942,1389.0250,1389.0250
sharpen3,Blocks 128x128,1,15,1395.2177,1398.4499,1398.4499
sharpen3,Blocks 128x128,4,15,1383.7478,1389.5090,1389.5090
sharpen3,Blocks 128x128,8,15,1383.8220,1399.2726,1399.2726
sharpen3,Blocks 128x128,16,15,1392.0008,1397.1186,1397.1186
emboss1,Sequential,1,15,1760.3849,1765.6073,1765.6073
emboss1,Sequential,4,15,1447.6685,1469.5941,1469.5941
emboss1,Sequential,8,15,1482.9132,1495.3919,1495.3919
emboss1,Sequential,16,15,1494.5772,1495.6510,1495.6510
emboss1,Pixelwise,1,15,1442.7610,1443.3303,1443.3303
emboss1,Pixelwise,4,15,1434.6843,1438.3689,1438.3689
emboss1,Pixelwise,8,15,1430.4160,1430.6947,1430.6947
emboss1,Pixelwise,16,15,1432.5745,1446.4178,1446.4178
emboss1,By Rows,1,15,1438.7949,1440.0770,1440.0770
emboss1,By Rows,4,15,1429.2728,1430.4158,1430.4158
emboss1,By Rows,8,15,1439.3537,1458.7960,1458.7960
emboss1,By Rows,16,15,1427.5678,1435.3846,1435.3846
emboss1,By Cols,1,15,1441.7902,1446.3548,1446.3548
emboss1,By Cols,4,15,1428.0507,1431.9007,1431.9007
emboss1,By Cols,8,15,1425.8895,1430.6133,1430.6133
emboss1,By Cols,16,15,1442.0849,1445.3909,1445.3909
emboss1,Blocks 32x32,1,15,1435.6838,1441.4252,1441.4252
emboss1,Blocks 32x32,4,15,1436.9390,1439.3462,1439.3462
emboss1,Blocks 32x32,8,15,1427.7804,1432.3096,1432.3096
emboss1,Blocks 32x32,16,15,1441.4482,1445.9093,1445.9093
emboss1,Blocks 64x64,1,15,1449.8595,1464.5462,1464.5462
emboss1,Blocks 64x64,4,15,1419.2368,1427.9922,1427.9922
emboss1,Blocks 64x64,8,15,1448.2596,1449.2433,1449.2433
emboss1,Blocks 64x64,16,15,1441.2823,1446.8972,1446.8972
emboss1,Blocks 128x128,1,15,1420.1176,1434.6186,1434.6186
emboss1,Blocks 128x128,4,15,1437.7042,1440.0214,1440.0214
emboss1,Blocks 128x128,8,15,1426.2430,1426.6691,1426.6691
emboss1,Blocks 128x128,16,15,1425.5981,1429.7756,1429.7756
emboss2,Sequential,1,15,3428.1437,3473.5565,3473.5565
emboss2,Sequential,4,15,1809.4811,1843.6147,1843.6147
emboss2,Sequential,8,15,1783.3036,1789.0101,1789.0101
emboss2,Sequential,16,15,1816.1511,1845.1179,1845.1179
emboss2,Pixelwise,1,15,1722.7230,1743.5963,1743.5963
emboss2,Pixelwise,4,15,1620.4876,1634.0213,1634.0213
emboss2,Pixelwise,8,15,1626.0082,1630.8922,1630.8922
emboss2,Pixelwise,16,15,1596.0161,1631.8931,1631.8931
emboss2,By Rows,1,15,1618.3428,1630.3079,1630.3079
emboss2,By Rows,4,15,1609.3107,1635.5700,1635.5700
emboss2,By Rows,8,15,1642.8699,1647.5207,1647.5207
emboss2,By Rows,16,15,1628.2079,1631.8995,1631.8995
emboss2,By Cols,1,15,1610.8643,1625.4291,1625.4291
emboss2,By Cols,4,15,1624.4795,1632.3019,1632.3019
emboss2,By Cols,8,15,1621.0414,1632.7165,1632.7165
emboss2,By Cols,16,15,1624.0449,1636.9914,1636.9914
emboss2,Blocks 32x32,1,15,1613.4649,1653.0522,1653.0522
emboss2,Blocks 32x32,4,15,1617.6783,1626.3933,1626.3933
emboss2,Blocks 32x32,8,15,1603.3788,1627.8982,1627.8982
emboss2,Blocks 32x32,16,15,1649.5696,1659.8319,1659.8319
emboss2,Blocks 64x64,1,15,1626.7201,1636.6706,1636.6706
emboss2,Blocks 64x64,4,15,1625.5588,1627.3911,1627.3911
emboss2,Blocks 64x64,8,15,1642.0658,1652.1265,1652.1265
emboss2,Blocks 64x64,16,15,1643.4516,1653.6093,1653.6093
emboss2,Blocks 128x128,1,15,1614.1670,1630.4513,1630.4513
emboss2,Blocks 128x128,4,15,1623.5870,1624.8749,1624.8749
emboss2,Blocks 128x128,8,15,1632.0190,1633.2461,1633.2461
emboss2,Blocks 128x128,16,15,1619.5569,1627.9232,1627.9232
identity,Sequential,1,15,1643.8543,1654.6517,1654.6517
identity,Sequential,4,15,1318.3818,1335.0683,1335.0683
identity,Sequential,8,15,1349.6450,1361.0216,1361.0216
identity,Sequential,16,15,1313.6911,1335.1520,1335.1520
identity,Pixelwise,1,15,1289.3588,1293.4395,1293.4395
identity,Pixelwise,4,15,1297.2533,1302.9640,1302.9640
identity,Pixelwise,8,15,1276.9038,1294.7259,1294.7259
identity,Pixelwise,16,15,1273.8887,1280.8429,1280.8429
identity,By Rows,1,15,1305.8625,1307.5088,1307.5088
identity,By Rows,4,15,1271.6220,1283.7962,1283.7962
identity,By Rows,8,15,1286.6094,1291.5704,1291.5704
identity,By Rows,16,15,1275.3384,1293.9619,1293.9619
identity,By Cols,1,15,1285.5697,1293.0171,1293.0171
identity,By Cols,4,15,1280.3092,1282.5672,1282.5672
identity,By Cols,8,15,1270.2385,1292.0198,1292.0198
identity,By Cols,16,15,1269.7601,1275.8921,1275.8921
identity,Blocks 32x32,1,15,1287.7305,1320.0959,1320.0959
identity,Blocks 32x32,4,15,1284.9526,1290.7333,1290.7333
identity,Blocks 32x32,8,15,1295.0294,1312.1442,1312.1442
identity,Blocks 32x32,16,15,1271.6189,1284.1529,1284.1529
identity,Blocks 64x64,1,15,1274.1824,1278.5540,1278.5540
identity,Blocks 64x64,4,15,1261.7312,1273.0429,1273.0429
identity,Blocks 64x64,8,15,1271.4924,1271.6231,1271.6231
identity,Blocks 64x64,16,15,1273.9294,1277.6344,1277.6344
identity,Blocks 128x128,1,15,1281.6630,1285.6250,1285.6250
identity,Blocks 128x128,4,15,1284.8159,1298.4437,1298.4437
identity,Blocks 128x128,8,15,1281.1588,1285.4264,1285.4264
identity,Blocks 128x128,16,15,1269.8809,1293.8240,1293.8240
